{
"lengthUnit": "mil",
"remark": [],
"components": {
	"fields": ["COMPONENT_NO", "COMPONENT_NAME", "LAYER", "X_COORDINATE", "Y_COORDINATE", "ANGLE"],
	"rows": [
		[1, "CN1", "B", 1595, -475, 270],
		[2, "H1", "B", 1225, -535, 90],
		[3, "H2", "B", 500, -295, 90],
		[4, "SCREW1", "T", 2020, 210, 0],
		[5, "SCREW1", "T", 2020, -1108.506, 0],
		[6, "SCREW2", "T", 10, 210, 0],
		[7, "SCREW2", "T", 10, -1108.506, 0],
		[8, "U1", "T", 1015, 50, 0],
		[9, "U2", "T", 1015, -950, 0],
		[10, "PAD1", "T", 1595, -573.425, 0],
		[11, "PAD1", "B", 1595, -573.425, 0],
		[12, "PAD2", "T", 1595, -376.575, 0],
		[13, "PAD2", "B", 1595, -376.575, 0],
		[14, "PAD3", "T", 1225, -685, 0],
		[15, "PAD3", "B", 1225, -685, 0],
		[16, "PAD4", "T", 1225, -585, 0],
		[17, "PAD4", "B", 1225, -585, 0],
		[18, "PAD5", "T", 1225, -485, 0],
		[19, "PAD5", "B", 1225, -485, 0],
		[20, "PAD6", "T", 1225, -385, 0],
		[21, "PAD6", "B", 1225, -385, 0],
		[22, "PAD7", "T", 1225, -285, 0],
		[23, "PAD7", "B", 1225, -285, 0],
		[24, "PAD8", "T", 500, -495, 0],
		[25, "PAD8", "B", 500, -495, 0],
		[26, "PAD9", "T", 500, -395, 0],
		[27, "PAD9", "B", 500, -395, 0],
		[28, "PAD10", "T", 500, -295, 0],
		[29, "PAD10", "B", 500, -295, 0],
		[30, "PAD11", "T", 500, -95.001, 0],
		[31, "PAD11", "B", 500, -95.001, 0],
		[32, "PAD12", "T", 1165, 50, 0],
		[33, "PAD12", "B", 1165, 50, 0],
		[34, "PAD13", "T", 1965, 50, 0],
		[35, "PAD13", "B", 1965, 50, 0],
		[36, "PAD14", "T", 265, -950, 0],
		[37, "PAD14", "B", 265, -950, 0],
		[38, "PAD15", "T", 365, -950, 0],
		[39, "PAD15", "B", 365, -950, 0],
		[40, "PAD16", "T", 1665, -950, 0],
		[41, "PAD16", "B", 1665, -950, 0],
		[42, "PAD17", "T", 1965, -950, 0],
		[43, "PAD17", "B", 1965, -950, 0]
	]
},
"pins": {
	"fields": ["PIN_NO", "PIN_NAME", "PIN_X", "PIN_Y", "LAYER", "PIN_TYPE", "NET_NAME", "NET_TYPE", "PAD_SHAPE", "PAD_SIZEX", "PAD_SIZEY", "HOLE_SIZE", "HOLE_LEN", "PAD_ANGLE"],
	"rows": [
		[1, "CN1_1", 1595, -376.575, "T", "DIP", "+5V", "", "C", 90.551, 90.551, 59.056, 59.056, 270],
		[2, "CN1_1", 1595, -376.575, "B", "DIP", "+5V", "", "C", 90.551, 90.551, 59.056, 59.056, 270],
		[3, "CN1_2", 1595, -573.425, "T", "DIP", "GND", "GND", "C", 90.551, 90.551, 59.056, 59.056, 270],
		[4, "CN1_2", 1595, -573.425, "B", "DIP", "GND", "GND", "C", 90.551, 90.551, 59.056, 59.056, 270],
		[5, "H1_1", 1225, -785, "T", "DIP", "NET_1", "", "R", 66.929, 66.929, 43.308, 43.308, 90],
		[6, "H1_1", 1225, -785, "B", "DIP", "NET_1", "", "R", 66.929, 66.929, 43.308, 43.308, 90],
		[7, "H1_2", 1225, -685, "T", "DIP", "$1N866", "", "C", 66.929, 66.929, 43.308, 43.308, 90],
		[8, "H1_2", 1225, -685, "B", "DIP", "$1N866", "", "C", 66.929, 66.929, 43.308, 43.308, 90],
		[9, "H1_3", 1225, -585, "T", "DIP", "$1N1341", "", "C", 66.929, 66.929, 43.308, 43.308, 90],
		[10, "H1_3", 1225, -585, "B", "DIP", "$1N1341", "", "C", 66.929, 66.929, 43.308, 43.308, 90],
		[11, "H1_4", 1225, -485, "T", "DIP", "+5V", "", "C", 66.929, 66.929, 43.308, 43.308, 90],
		[12, "H1_4", 1225, -485, "B", "DIP", "+5V", "", "C", 66.929, 66.929, 43.308, 43.308, 90],
		[13, "H1_5", 1225, -385, "T", "DIP", "GND", "GND", "C", 66.929, 66.929, 43.308, 43.308, 90],
		[14, "H1_5", 1225, -385, "B", "DIP", "GND", "GND", "C", 66.929, 66.929, 43.308, 43.308, 90],
		[15, "H1_6", 1225, -285, "T", "DIP", "GND", "GND", "C", 66.929, 66.929, 43.308, 43.308, 90],
		[16, "H1_6", 1225, -285, "B", "DIP", "GND", "GND", "C", 66.929, 66.929, 43.308, 43.308, 90],
		[17, "H2_1", 500, -495, "T", "DIP", "+5V", "", "R", 60, 60, 36, 36, 90],
		[18, "H2_1", 500, -495, "B", "DIP", "+5V", "", "R", 60, 60, 36, 36, 90],
		[19, "H2_2", 500, -395, "T", "DIP", "$1N777", "", "C", 60, 60, 36, 36, 90],
		[20, "H2_2", 500, -395, "B", "DIP", "$1N777", "", "C", 60, 60, 36, 36, 90],
		[21, "H2_3", 500, -295, "T", "DIP", "$1N789", "", "C", 60, 60, 36, 36, 90],
		[22, "H2_3", 500, -295, "B", "DIP", "$1N789", "", "C", 60, 60, 36, 36, 90],
		[23, "H2_4", 500, -195.001, "T", "DIP", "NET_2", "", "C", 60, 60, 36, 36, 90],
		[24, "H2_4", 500, -195.001, "B", "DIP", "NET_2", "", "C", 60, 60, 36, 36, 90],
		[25, "H2_5", 500, -95.001, "T", "DIP", "GND", "GND", "C", 60, 60, 36, 36, 90],
		[26, "H2_5", 500, -95.001, "B", "DIP", "GND", "GND", "C", 60, 60, 36, 36, 90],
		[27, "SCREW1_1", 2020, 210, "T", "DIP", "NET_3", "", "C", 78.7402, 78.7402, 78.7402, 78.7402, 0],
		[28, "SCREW1_1", 2020, 210, "B", "DIP", "NET_3", "", "C", 78.7402, 78.7402, 78.7402, 78.7402, 0],
		[29, "SCREW1_1", 2020, -1108.506, "T", "DIP", "NET_4", "", "C", 78.7402, 78.7402, 78.7402, 78.7402, 0],
		[30, "SCREW1_1", 2020, -1108.506, "B", "DIP", "NET_4", "", "C", 78.7402, 78.7402, 78.7402, 78.7402, 0],
		[31, "SCREW2_1", 10, 210, "T", "DIP", "NET_5", "", "C", 78.7402, 78.7402, 78.7402, 78.7402, 0],
		[32, "SCREW2_1", 10, 210, "B", "DIP", "NET_5", "", "C", 78.7402, 78.7402, 78.7402, 78.7402, 0],
		[33, "SCREW2_1", 10, -1108.506, "T", "DIP", "NET_6", "", "C", 78.7402, 78.7402, 78.7402, 78.7402, 0],
		[34, "SCREW2_1", 10, -1108.506, "B", "DIP", "NET_6", "", "C", 78.7402, 78.7402, 78.7402, 78.7402, 0],
		[35, "U1_1", 65, 50, "T", "DIP", "NET_7", "", "R", 70.866, 70.866, 47.244, 47.244, 0],
		[36, "U1_1", 65, 50, "B", "DIP", "NET_7", "", "R", 70.866, 70.866, 47.244, 47.244, 0],
		[37, "U1_2", 165, 50, "T", "DIP", "NET_8", "", "C", 70.866, 70.866, 47.244, 47.244, 0],
		[38, "U1_2", 165, 50, "B", "DIP", "NET_8", "", "C", 70.866, 70.866, 47.244, 47.244, 0],
		[39, "U1_3", 265, 50, "T", "DIP", "NET_9", "", "C", 70.866, 70.866, 47.244, 47.244, 0],
		[40, "U1_3", 265, 50, "B", "DIP", "NET_9", "", "C", 70.866, 70.866, 47.244, 47.244, 0],
		[41, "U1_4", 365, 50, "T", "DIP", "NET_10", "", "C", 70.866, 70.866, 47.244, 47.244, 0],
		[42, "U1_4", 365, 50, "B", "DIP", "NET_10", "", "C", 70.866, 70.866, 47.244, 47.244, 0],
		[43, "U1_5", 465, 50, "T", "DIP", "NET_11", "", "C", 70.866, 70.866, 47.244, 47.244, 0],
		[44, "U1_5", 465, 50, "B", "DIP", "NET_11", "", "C", 70.866, 70.866, 47.244, 47.244, 0],
		[45, "U1_6", 565, 50, "T", "DIP", "NET_12", "", "C", 70.866, 70.866, 47.244, 47.244, 0],
		[46, "U1_6", 565, 50, "B", "DIP", "NET_12", "", "C", 70.866, 70.866, 47.244, 47.244, 0],
		[47, "U1_7", 665, 50, "T", "DIP", "NET_13", "", "C", 70.866, 70.866, 47.244, 47.244, 0],
		[48, "U1_7", 665, 50, "B", "DIP", "NET_13", "", "C", 70.866, 70.866, 47.244, 47.244, 0],
		[49, "U1_8", 765, 50, "T", "DIP", "NET_14", "", "C", 70.866, 70.866, 47.244, 47.244, 0],
		[50, "U1_8", 765, 50, "B", "DIP", "NET_14", "", "C", 70.866, 70.866, 47.244, 47.244, 0],
		[51, "U1_9", 865, 50, "T", "DIP", "NET_15", "", "C", 70.866, 70.866, 47.244, 47.244, 0],
		[52, "U1_9", 865, 50, "B", "DIP", "NET_15", "", "C", 70.866, 70.866, 47.244, 47.244, 0],
		[53, "U1_10", 965, 50, "T", "DIP", "NET_16", "", "C", 70.866, 70.866, 47.244, 47.244, 0],
		[54, "U1_10", 965, 50, "B", "DIP", "NET_16", "", "C", 70.866, 70.866, 47.244, 47.244, 0],
		[55, "U1_11", 1065, 50, "T", "DIP", "NET_17", "", "C", 70.866, 70.866, 47.244, 47.244, 0],
		[56, "U1_11", 1065, 50, "B", "DIP", "NET_17", "", "C", 70.866, 70.866, 47.244, 47.244, 0],
		[57, "U1_12", 1165, 50, "T", "DIP", "$1N777", "", "C", 70.866, 70.866, 47.244, 47.244, 0],
		[58, "U1_12", 1165, 50, "B", "DIP", "$1N777", "", "C", 70.866, 70.866, 47.244, 47.244, 0],
		[59, "U1_13", 1265, 50, "T", "DIP", "NET_18", "", "C", 70.866, 70.866, 47.244, 47.244, 0],
		[60, "U1_13", 1265, 50, "B", "DIP", "NET_18", "", "C", 70.866, 70.866, 47.244, 47.244, 0],
		[61, "U1_14", 1365, 50, "T", "DIP", "NET_19", "", "C", 70.866, 70.866, 47.244, 47.244, 0],
		[62, "U1_14", 1365, 50, "B", "DIP", "NET_19", "", "C", 70.866, 70.866, 47.244, 47.244, 0],
		[63, "U1_15", 1465, 50, "T", "DIP", "NET_20", "", "C", 70.866, 70.866, 47.244, 47.244, 0],
		[64, "U1_15", 1465, 50, "B", "DIP", "NET_20", "", "C", 70.866, 70.866, 47.244, 47.244, 0],
		[65, "U1_16", 1565, 50, "T", "DIP", "NET_21", "", "C", 70.866, 70.866, 47.244, 47.244, 0],
		[66, "U1_16", 1565, 50, "B", "DIP", "NET_21", "", "C", 70.866, 70.866, 47.244, 47.244, 0],
		[67, "U1_17", 1665, 50, "T", "DIP", "NET_22", "", "C", 70.866, 70.866, 47.244, 47.244, 0],
		[68, "U1_17", 1665, 50, "B", "DIP", "NET_22", "", "C", 70.866, 70.866, 47.244, 47.244, 0],
		[69, "U1_18", 1765, 50, "T", "DIP", "NET_23", "", "C", 70.866, 70.866, 47.244, 47.244, 0],
		[70, "U1_18", 1765, 50, "B", "DIP", "NET_23", "", "C", 70.866, 70.866, 47.244, 47.244, 0],
		[71, "U1_19", 1865, 50, "T", "DIP", "NET_24", "", "C", 70.866, 70.866, 47.244, 47.244, 0],
		[72, "U1_19", 1865, 50, "B", "DIP", "NET_24", "", "C", 70.866, 70.866, 47.244, 47.244, 0],
		[73, "U1_20", 1965, 50, "T", "DIP", "+5V", "", "C", 70.866, 70.866, 47.244, 47.244, 0],
		[74, "U1_20", 1965, 50, "B", "DIP", "+5V", "", "C", 70.866, 70.866, 47.244, 47.244, 0],
		[75, "U2_1", 65, -950, "T", "DIP", "NET_25", "", "R", 70.866, 70.866, 47.244, 47.244, 0],
		[76, "U2_1", 65, -950, "B", "DIP", "NET_25", "", "R", 70.866, 70.866, 47.244, 47.244, 0],
		[77, "U2_2", 165, -950, "T", "DIP", "NET_26", "", "C", 70.866, 70.866, 47.244, 47.244, 0],
		[78, "U2_2", 165, -950, "B", "DIP", "NET_26", "", "C", 70.866, 70.866, 47.244, 47.244, 0],
		[79, "U2_3", 265, -950, "T", "DIP", "$1N1341", "", "C", 70.866, 70.866, 47.244, 47.244, 0],
		[80, "U2_3", 265, -950, "B", "DIP", "$1N1341", "", "C", 70.866, 70.866, 47.244, 47.244, 0],
		[81, "U2_4", 365, -950, "T", "DIP", "$1N789", "", "C", 70.866, 70.866, 47.244, 47.244, 0],
		[82, "U2_4", 365, -950, "B", "DIP", "$1N789", "", "C", 70.866, 70.866, 47.244, 47.244, 0],
		[83, "U2_5", 465, -950, "T", "DIP", "NET_27", "", "C", 70.866, 70.866, 47.244, 47.244, 0],
		[84, "U2_5", 465, -950, "B", "DIP", "NET_27", "", "C", 70.866, 70.866, 47.244, 47.244, 0],
		[85, "U2_6", 565, -950, "T", "DIP", "NET_28", "", "C", 70.866, 70.866, 47.244, 47.244, 0],
		[86, "U2_6", 565, -950, "B", "DIP", "NET_28", "", "C", 70.866, 70.866, 47.244, 47.244, 0],
		[87, "U2_7", 665, -950, "T", "DIP", "NET_29", "", "C", 70.866, 70.866, 47.244, 47.244, 0],
		[88, "U2_7", 665, -950, "B", "DIP", "NET_29", "", "C", 70.866, 70.866, 47.244, 47.244, 0],
		[89, "U2_8", 765, -950, "T", "DIP", "NET_30", "", "C", 70.866, 70.866, 47.244, 47.244, 0],
		[90, "U2_8", 765, -950, "B", "DIP", "NET_30", "", "C", 70.866, 70.866, 47.244, 47.244, 0],
		[91, "U2_9", 865, -950, "T", "DIP", "NET_31", "", "C", 70.866, 70.866, 47.244, 47.244, 0],
		[92, "U2_9", 865, -950, "B", "DIP", "NET_31", "", "C", 70.866, 70.866, 47.244, 47.244, 0],
		[93, "U2_10", 965, -950, "T", "DIP", "NET_32", "", "C", 70.866, 70.866, 47.244, 47.244, 0],
		[94, "U2_10", 965, -950, "B", "DIP", "NET_32", "", "C", 70.866, 70.866, 47.244, 47.244, 0],
		[95, "U2_11", 1065, -950, "T", "DIP", "NET_33", "", "C", 70.866, 70.866, 47.244, 47.244, 0],
		[96, "U2_11", 1065, -950, "B", "DIP", "NET_33", "", "C", 70.866, 70.866, 47.244, 47.244, 0],
		[97, "U2_12", 1165, -950, "T", "DIP", "NET_34", "", "C", 70.866, 70.866, 47.244, 47.244, 0],
		[98, "U2_12", 1165, -950, "B", "DIP", "NET_34", "", "C", 70.866, 70.866, 47.244, 47.244, 0],
		[99, "U2_13", 1265, -950, "T", "DIP", "NET_35", "", "C", 70.866, 70.866, 47.244, 47.244, 0],
		[100, "U2_13", 1265, -950, "B", "DIP", "NET_35", "", "C", 70.866, 70.866, 47.244, 47.244, 0],
		[101, "U2_14", 1365, -950, "T", "DIP", "NET_36", "", "C", 70.866, 70.866, 47.244, 47.244, 0],
		[102, "U2_14", 1365, -950, "B", "DIP", "NET_36", "", "C", 70.866, 70.866, 47.244, 47.244, 0],
		[103, "U2_15", 1465, -950, "T", "DIP", "NET_37", "", "C", 70.866, 70.866, 47.244, 47.244, 0],
		[104, "U2_15", 1465, -950, "B", "DIP", "NET_37", "", "C", 70.866, 70.866, 47.244, 47.244, 0],
		[105, "U2_16", 1565, -950, "T", "DIP", "NET_38", "", "C", 70.866, 70.866, 47.244, 47.244, 0],
		[106, "U2_16", 1565, -950, "B", "DIP", "NET_38", "", "C", 70.866, 70.866, 47.244, 47.244, 0],
		[107, "U2_17", 1665, -950, "T", "DIP", "$1N866", "", "C", 70.866, 70.866, 47.244, 47.244, 0],
		[108, "U2_17", 1665, -950, "B", "DIP", "$1N866", "", "C", 70.866, 70.866, 47.244, 47.244, 0],
		[109, "U2_18", 1765, -950, "T", "DIP", "NET_39", "", "C", 70.866, 70.866, 47.244, 47.244, 0],
		[110, "U2_18", 1765, -950, "B", "DIP", "NET_39", "", "C", 70.866, 70.866, 47.244, 47.244, 0],
		[111, "U2_19", 1865, -950, "T", "DIP", "NET_40", "", "C", 70.866, 70.866, 47.244, 47.244, 0],
		[112, "U2_19", 1865, -950, "B", "DIP", "NET_40", "", "C", 70.866, 70.866, 47.244, 47.244, 0],
		[113, "U2_20", 1965, -950, "T", "DIP", "GND", "GND", "C", 70.866, 70.866, 47.244, 47.244, 0],
		[114, "U2_20", 1965, -950, "B", "DIP", "GND", "GND", "C", 70.866, 70.866, 47.244, 47.244, 0],
		[115, "PAD1_2", 1595, -573.425, "T", "DIP", "GND", "GND", "C", 90.551, 90.551, 59.056, 59.056, 270],
		[116, "PAD1_2", 1595, -573.425, "B", "DIP", "GND", "GND", "C", 90.551, 90.551, 59.056, 59.056, 270],
		[117, "PAD2_1", 1595, -376.575, "T", "DIP", "+5V", "", "C", 90.551, 90.551, 59.056, 59.056, 270],
		[118, "PAD2_1", 1595, -376.575, "B", "DIP", "+5V", "", "C", 90.551, 90.551, 59.056, 59.056, 270],
		[119, "PAD3_2", 1225, -685, "T", "DIP", "$1N866", "", "C", 66.929, 66.929, 43.308, 43.308, 90],
		[120, "PAD3_2", 1225, -685, "B", "DIP", "$1N866", "", "C", 66.929, 66.929, 43.308, 43.308, 90],
		[121, "PAD4_3", 1225, -585, "T", "DIP", "$1N1341", "", "C", 66.929, 66.929, 43.308, 43.308, 90],
		[122, "PAD4_3", 1225, -585, "B", "DIP", "$1N1341", "", "C", 66.929, 66.929, 43.308, 43.308, 90],
		[123, "PAD5_4", 1225, -485, "T", "DIP", "+5V", "", "C", 66.929, 66.929, 43.308, 43.308, 90],
		[124, "PAD5_4", 1225, -485, "B", "DIP", "+5V", "", "C", 66.929, 66.929, 43.308, 43.308, 90],
		[125, "PAD6_5", 1225, -385, "T", "DIP", "GND", "GND", "C", 66.929, 66.929, 43.308, 43.308, 90],
		[126, "PAD6_5", 1225, -385, "B", "DIP", "GND", "GND", "C", 66.929, 66.929, 43.308, 43.308, 90],
		[127, "PAD7_6", 1225, -285, "T", "DIP", "GND", "GND", "C", 66.929, 66.929, 43.308, 43.308, 90],
		[128, "PAD7_6", 1225, -285, "B", "DIP", "GND", "GND", "C", 66.929, 66.929, 43.308, 43.308, 90],
		[129, "PAD8_1", 500, -495, "T", "DIP", "+5V", "", "R", 60, 60, 36, 36, 90],
		[130, "PAD8_1", 500, -495, "B", "DIP", "+5V", "", "R", 60, 60, 36, 36, 90],
		[131, "PAD9_2", 500, -395, "T", "DIP", "$1N777", "", "C", 60, 60, 36, 36, 90],
		[132, "PAD9_2", 500, -395, "B", "DIP", "$1N777", "", "C", 60, 60, 36, 36, 90],
		[133, "PAD10_3", 500, -295, "T", "DIP", "$1N789", "", "C", 60, 60, 36, 36, 90],
		[134, "PAD10_3", 500, -295, "B", "DIP", "$1N789", "", "C", 60, 60, 36, 36, 90],
		[135, "PAD11_5", 500, -95.001, "T", "DIP", "GND", "GND", "C", 60, 60, 36, 36, 90],
		[136, "PAD11_5", 500, -95.001, "B", "DIP", "GND", "GND", "C", 60, 60, 36, 36, 90],
		[137, "PAD12_12", 1165, 50, "T", "DIP", "$1N777", "", "C", 70.866, 70.866, 47.244, 47.244, 0],
		[138, "PAD12_12", 1165, 50, "B", "DIP", "$1N777", "", "C", 70.866, 70.866, 47.244, 47.244, 0],
		[139, "PAD13_20", 1965, 50, "T", "DIP", "+5V", "", "C", 70.866, 70.866, 47.244, 47.244, 0],
		[140, "PAD13_20", 1965, 50, "B", "DIP", "+5V", "", "C", 70.866, 70.866, 47.244, 47.244, 0],
		[141, "PAD14_3", 265, -950, "T", "DIP", "$1N1341", "", "C", 70.866, 70.866, 47.244, 47.244, 0],
		[142, "PAD14_3", 265, -950, "B", "DIP", "$1N1341", "", "C", 70.866, 70.866, 47.244, 47.244, 0],
		[143, "PAD15_4", 365, -950, "T", "DIP", "$1N789", "", "C", 70.866, 70.866, 47.244, 47.244, 0],
		[144, "PAD15_4", 365, -950, "B", "DIP", "$1N789", "", "C", 70.866, 70.866, 47.244, 47.244, 0],
		[145, "PAD16_17", 1665, -950, "T", "DIP", "$1N866", "", "C", 70.866, 70.866, 47.244, 47.244, 0],
		[146, "PAD16_17", 1665, -950, "B", "DIP", "$1N866", "", "C", 70.866, 70.866, 47.244, 47.244, 0],
		[147, "PAD17_20", 1965, -950, "T", "DIP", "GND", "GND", "C", 70.866, 70.866, 47.244, 47.244, 0],
		[148, "PAD17_20", 1965, -950, "B", "DIP", "GND", "GND", "C", 70.866, 70.866, 47.244, 47.244, 0]
	]
}
}